sku,producto,categoria,precio,precio_lista,stock,url,descripcion
24166,CORTADORA DE FIAMBRE DAEWOO,295,28399.0,28399.0,0,https://www.hiperlibertad.com.ar/cortadora-de-fiambre-daewoo/p,CORTADORA DE FIAMBRE DAEWOO
22664,CONSOLA LEVEL UP VIDEO GAMES SYST/8 BIT,63,3999.0,3999.0,0,https://www.hiperlibertad.com.ar/consola-level-up-video-games-syst-8-bit/p,"<p style=""text-align: left;""><strong>DESCRIPCI&Oacute;N</strong></p>
<p style=""text-align: left;"">Con tu consola Retroboy tendr&aacute;s entretenimiento asegurado todos los d&iacute;as. Su tecnolog&iacute;a fue creada para poner nuevos retos tanto a jugadores principiantes como expertos.<br /><br />Adaptada a tus necesidades<br />Guard&aacute; tus apps, fotos, videos y mucho m&aacute;s en el disco duro, que cuenta con una capacidad de 8 GB.</p>
<p style=""text-align: left;""><strong>ESPECIFICACIONES&nbsp;</strong></p>
<ul style=""text-align: left;"">
<li>
<p>Con posibilidad de conectarlo a la TV 8 bits y jugar</p>
</li>
<li>
<p>Procesador 8 bits</p>
</li>
<li>
<p>Pantalla TFT de 3&rsquo;&rsquo;</p>
</li>
<li>
<p>7 botones + Perilla de encendido</p>
</li>
<li>
<p>Control de volumen lateral</p>
</li>
<li>
<p>Pad direccional de 8 posiciones</p>
</li>
<li>
<p>Selecci&oacute;n de 168 t&iacute;tulos incorporados</p>
</li>
<li>
<p>Bater&iacute;a recargable de 600 mAh</p>
</li>
</ul>
<p style=""text-align: left;""><strong>INCLUYE</strong></p>
<ul>
<li style=""text-align: left;"">
<p>Manual de usuario / Cable USB de carga</p>
</li>
<li>
<p style=""text-align: left;"">/ Bater&iacute;a recargable / Cable AV</p>
</li>
</ul>"
22663,CONSOLA MULTI LEVEL UP EMULADORA NEGRA,63,12999.0,12999.0,0,https://www.hiperlibertad.com.ar/consola-multi-level-up-emuladora-negra/p,"<p style=""text-align: left;"">2 en 1 Consola que convierte tu TV en una SMART TV y Consola Multi Emuladora<br />Android&trade; TV a trav&eacute;s de conexi&oacute;n HDMI 2.0. Acceso completo a la Web.<br />Navega sin l&iacute;mites!<br />Online Video Streaming: hasta Fullhd@60fps. El Procesador es Quadcore, tiene RAM de 1GB DDR3, Memoria internade 8gb , Wi-Fi integrado 802.11 b/g/n.<br /><br /><br /><strong>Incluye:</strong><br />&gt; Control Remoto<br />&gt; Retro Pay 2<br />&gt; 2 Gamepads<br />&gt; Cable HDMI<br />&gt; 2300 juegos incluidos: 1800 JUEGOS + 500 EXTRA DE REGALO!<br />En esta versi&oacute;n podr&aacute;s jugar juegos de: Arcade Games / FBA Alpha / MAME / N64: Nintendo 64 / NES: Family Game /SFC: Super Nintendo / GBA: Game Boy Advance / GBC: Game Boy Color / SG: Sega Genesis / S32X: Sega 32X / GG: Game Gear / Atari 2600<br />&gt; Fuente de alimentaci&oacute;n<br /><br /><strong>Caracter&iacute;sticas T&eacute;cnicas</strong><br />&raquo; Chipset: Amlogic S905<br />&raquo; CPU: Quadcore Cortex A53 - 2Ghz<br />&raquo; GPU: Pentacore Mali 450Mhz<br />&raquo; Online Video Streaming: hasta Fullhd@60fps<br />&raquo; Ram: 1GB DDR3<br />&raquo; HDMI 2.0<br />&raquo; 5V/2A<br /><br /><strong>Almacenamiento &amp; Conexi&oacute;nes</strong><br />&raquo; Flash: 8GB Nand<br />&raquo; Puerto MicroSD<br />&raquo; 2 X USB2.0<br />&raquo; WIFI 802.11b/g/n<br />&raquo; Puerto Ethernet<br />&raquo; Entrada Gigalan<br /><br /><strong>Funciones</strong><br />&raquo; Media player, YouTube, Netflix, Miracast, Play store, Web Browser, File manager, Facebook, Spotify, Media center, Kodi Player, PPPoE, Play Games, Movie player, CloudTV, FlashPlayer.<br /><br /><strong>Observacion</strong><br />&raquo; El control remoto no tiene funciones establecidas dentro del modo videojuego, solo funcionar&aacute; en el modo Android.<br />&raquo; El control funciona con una pila CR2032 ( no incluida )</p>"
22662,CONSOLA LEVEL UP GAMES/CON 8 BITS NE,63,6799.0,6799.0,0,https://www.hiperlibertad.com.ar/consola-level-up-games-con-8-bits-ne/p,"<p style=""text-align: left;""><strong>Especificaciones</strong></p><ul><li style=""text-align: left;"">Classic Video Game System.</li><li style=""text-align: left;"">Consola de 8 bits.</li><li style=""text-align: left;"">Conexion AV.</li><li style=""text-align: left;"">Procesador de 8bits.</li><li style=""text-align: left;"">Sonido&nbsp; est&eacute;reo.</li><li style=""text-align: left;"">Bot&oacute;n de encendido y reset. 2 joysticks de 6 botones c/u.</li><li style=""text-align: left;"">Pad direccional de 8 posiciones.</li><li style=""text-align: left;"">Selecci&oacute;n de 500 t&iacute;tulos incorporados.</li><li style=""text-align: left;"">No usa bater&iacute;as, se conecta a una fuente.</li><li style=""text-align: left;"">Accesorios incluidos: Cable USB, Adaptador USD, Cable AV, 2 joysticks</li></ul>"
22660,CONSOLA LEVEL UP GAMES/CON 8 BITS GR,63,4499.0,4499.0,0,https://www.hiperlibertad.com.ar/consola-level-up-games-con-8-bits-gr/p,"<p style=""text-align: left;""><strong>Especificaciones</strong></p>
<ul>
<li style=""text-align: left;"">Classic Video Game System.</li>
<li style=""text-align: left;"">Consola de 8 bits.</li>
<li style=""text-align: left;"">Conexion AV.</li>
<li style=""text-align: left;"">Procesador de 8bits.</li>
<li style=""text-align: left;"">Sonido&nbsp; est&eacute;reo.</li>
<li style=""text-align: left;"">Bot&oacute;n de encendido y reset. 2 joysticks de 6 botones c/u.</li>
<li style=""text-align: left;"">Pad direccional de 8 posiciones.</li>
<li style=""text-align: left;"">Selecci&oacute;n de 500 t&iacute;tulos incorporados.</li>
<li style=""text-align: left;"">No usa bater&iacute;as, se conecta a una fuente.</li>
<li style=""text-align: left;"">Accesorios incluidos: Cable USB, Adaptador USD, Cable AV, 2 joysticks</li>
</ul>"
20518,NOTEBOOK HP NOT 250 G7 I3,47,89999.0,89999.0,0,https://www.hiperlibertad.com.ar/notebook-hp-not-250-g7-i3/p,NOTEBOOK HP NOT 250 G7 I3
14505,LAVARROPAS WHIRLPOOL CARGA FRONTAL 6KG WNQ06 800RPM BLANCO,85,86969.0,86969.0,0,https://www.hiperlibertad.com.ar/lavarropas-whirlpool-carga-frontal-6kg-wnq06-800rpm-blanco/p,"Funci&oacute;n Antiarrugas Deja la ropa en remojo justo antes del &uacute;ltimo centrifugado, evitando que la ropa permanezca centrifugada en el interior del tambor y se arrugue. &nbsp;  &nbsp;  Lavado R&aacute;pido En solo 30 minutos podr&aacute;s realizar un lavado a media carga para refrescar las prendas sin manchas. &nbsp;  &nbsp;  Extra Enjuague A&ntilde;ade un enjuague adicional al programa elegido. &nbsp;  &nbsp; &nbsp; Su capacidad de lavado es de hasta 6 kilos y su potencia de centrifugado de 800 RPM (revoluciones por minuto). Hay que tener en cuenta que el peso se calcula en prendas secas, no mojadas. Su interior es resistente gracias a su tambor de acero inoxidable y a su tapa de vidrio templado de alta resistencia. Por otro lado, cuenta con un panel muy intuitivo y f&aacute;cil de usar. &nbsp; &nbsp; &nbsp; &nbsp;"
18830,SMART TV 50 PULGADAS SAMSUNG UN50TU7000GCZ,34,120999.0,120999.0,0,https://www.hiperlibertad.com.ar/smart-tv-50-pulgadas-samsung-un50tu7000gcz/p,"<h3 style=""text-align: left;"">Descripci&oacute;n</h3>
<div class=""DescriptionText__Bajada-sc-14hdqca-2 eEqwKT"" style=""text-align: left;"">
<p>Con la tecnolog&iacute;a Crystal UHD 4K, HDR y un dise&ntilde;o sofisticado y s&uacute;per delgado, el Smart TV Samsung UN50TU7000 ofrece una experiencia multimedia &uacute;nica. Adem&aacute;s, es eficiente, intuitivo y f&aacute;cil de usar.</p>
</div>
<div class=""DescriptionText__AltDescriptions-sc-14hdqca-1 kRzjhj"">
<h3 style=""text-align: left;"">Conect&aacute; tus dispositivos</h3>
<div class=""innerContent"" style=""text-align: left;"">
<p>Mediante sus entradas HDMI pod&eacute;s conectar reproductores de audio y video; consolas de juegos y notebooks. Su gran capacidad de transmisi&oacute;n de datos permite disfrutar de im&aacute;genes en alta definici&oacute;n y un sonido de gran fidelidad. Tambi&eacute;n, a trav&eacute;s de su puerto USB podr&aacute;s reproducir contenido digital (m&uacute;sica, im&aacute;genes y videos) almacenado en dispositivos externos como tablets, smartphones y pendrives.</p>
</div>
<h3 style=""text-align: left;"">Naveg&aacute; por la web</h3>
<div class=""innerContent"" style=""text-align: left;"">
<p>Gracias a que posee Wi-Fi incorporado, podr&aacute;s acceder a internet de forma inal&aacute;mbrica, navegar y ejecutar tus aplicaciones favoritas.</p>
</div>
<h3 style=""text-align: left;"">Disfrut&aacute; 4K Ultra HD</h3>
<div class=""innerContent"">
<p style=""text-align: left;"">El Smart TV Samsung UN50TU7000 tiene una resoluci&oacute;n cuatro veces superior a la de una TV Full HD (3840 x 2160 p&iacute;xeles) y cuenta con una pantalla Crystal Display con im&aacute;genes con una gama de colores m&aacute;s amplia. La pantalla Crystal Display garantiza una expresi&oacute;n de colores optimizada para que puedas ver cada detalle. Su panel LED ofrece adem&aacute;s la caracter&iacute;stica de alto rango din&aacute;mico (HDR), que aumenta la expresi&oacute;n brillante del televisor para que puedas disfrutar de un inmenso espectro de colores y detalles visuales, incluso en las escenas m&aacute;s oscuras.</p>
<p style=""text-align: left;"">&nbsp;</p>
<h3 style=""text-align: left;"">Especificaciones t&eacute;cnicas</h3>
<p style=""text-align: left;""><strong>Imagen</strong></p>
<p style=""text-align: left;"">Tama&ntilde;o de Pantalla: 50""</p>
<p style=""text-align: left;"">Tipo de resoluci&oacute;n: 4K UHD</p>
<p style=""text-align: left;"">Resoluci&oacute;n: 3840 x 2160p</p>
<p style=""text-align: left;"">Formato de pantalla: Plano</p>
<p style=""text-align: left;"">Tipo de pantalla: LED 4K Ultra HD</p>
<p style=""text-align: left;""><strong>Caracter&iacute;sticas Generales</strong></p>
<p style=""text-align: left;"">Smart TV: S&iacute;</p>
<p style=""text-align: left;""><strong>Caracter&iacute;sticas Smart</strong></p>
<p style=""text-align: left;"">Youtube: S&iacute;</p>
<p style=""text-align: left;"">Netflix: S&iacute;</p>
<p style=""text-align: left;""><strong>Conectividad</strong></p>
<p style=""text-align: left;"">Entradas HDMI: 2</p>
<p style=""text-align: left;"">Entradas USB: 1</p>
<p style=""text-align: left;"">Conexi&oacute;n a Internet: S&iacute;</p>
<p style=""text-align: left;"">Ethernet Input: S&iacute;</p>
<p style=""text-align: left;""><strong>&iquest;Que Incluye?</strong></p>
<p style=""text-align: left;"">Control Remoto: S&iacute;</p>
<p style=""text-align: left;""><strong>Dimensiones</strong></p>
<p style=""text-align: left;"">Alto: 64,4 cm</p>
<p style=""text-align: left;"">Ancho: 111,6 cm</p>
<p style=""text-align: left;"">Profundidad: 5,9 cm</p>
<p style=""text-align: left;"">Alto (con base): 71,3 cm</p>
<p style=""text-align: left;"">Ancho (con base): 111,6 cm</p>
<p style=""text-align: left;"">Profundidad (con base): 24,9 cm</p>
<p style=""text-align: left;"">Peso: 11,6 Kg</p>
<p style=""text-align: left;"">Modelo: UN50TU7000</p>
</div>
</div>"
19072,SMART TV SAMSUNG 55 PULGADAS 4K Ultra HD QN55Q60TAGCZB,34,119999.0,119999.0,0,https://www.hiperlibertad.com.ar/smart-tv-samsung-55-pulgadas-4k-ultra-hd-qn55q60tagczb/p,"<h1 style=""text-align: left;"">Descripci&oacute;n</h1> <div class=""DescriptionText__Bajada-sc-14hdqca-2 eEqwKT"" style=""text-align: left;""> <p>Con la tecnolog&iacute;a Crystal UHD 4K y un dise&ntilde;o sofisticado y s&uacute;per delgado, el Smart TV Samsung QN55Q60TAGCZB ofrece una experiencia multimedia &uacute;nica. Adem&aacute;s, es eficiente, intuitivo y f&aacute;cil de usar.</p> </div> <div class=""DescriptionText__AltDescriptions-sc-14hdqca-1 kRzjhj""> <h3 style=""text-align: left;"">Conect&aacute; tus dispositivos</h3> <div class=""innerContent"" style=""text-align: left;""> <p>Mediante sus entradas HDMI pod&eacute;s conectar reproductores de audio y video; consolas de juegos y notebooks. Su gran capacidad de transmisi&oacute;n de datos permite disfrutar de im&aacute;genes en alta definici&oacute;n y un sonido de gran fidelidad. Tambi&eacute;n, a trav&eacute;s de sus puertos USB podr&aacute;s reproducir contenido digital (m&uacute;sica, im&aacute;genes y videos) almacenado en dispositivos externos como tablets, smartphones y pendrives.</p> </div> <h3 style=""text-align: left;"">Naveg&aacute; por la web</h3> <div class=""innerContent"" style=""text-align: left;""> <p>Gracias a que posee Wi-Fi incorporado, podr&aacute;s acceder a internet de forma inal&aacute;mbrica, navegar y ejecutar tus aplicaciones favoritas.</p> </div> <h3 style=""text-align: left;"">Disfrut&aacute; 4K Ultra HD</h3> <div class=""innerContent""> <p style=""text-align: left;"">El Smart TV Samsung QN55Q60TAGCZB tiene una resoluci&oacute;n cuatro veces superior a la de una TV Full HD (3840 x 2160 p&iacute;xeles) y cuenta con una pantalla Crystal Display con im&aacute;genes con una gama de colores m&aacute;s amplia. La pantalla Crystal Display garantiza una expresi&oacute;n de colores optimizada para que puedas ver cada detalle. Su panel LED ofrece adem&aacute;s la caracter&iacute;stica de alto rango din&aacute;mico (HDR), que aumenta la expresi&oacute;n brillante del televisor para que puedas disfrutar de un inmenso espectro de colores y detalles visuales, incluso en las escenas m&aacute;s oscuras.</p> <h3 style=""text-align: left;"">Especificaciones t&eacute;cnicas</h3> <p style=""text-align: left;"">Imagen</p> <p style=""text-align: left;"">Tama&ntilde;o de Pantalla: 55""</p> <p style=""text-align: left;"">Tipo de resoluci&oacute;n: 4K UHD</p> <p style=""text-align: left;"">Resoluci&oacute;n: 3840 x 2160 p&iacute;xeles</p> <p style=""text-align: left;"">Formato de pantalla: Plano</p> <p style=""text-align: left;"">Tipo de pantalla: LED 4K Ultra HD</p> <p style=""text-align: left;"">Caracter&iacute;sticas Generales</p> <p style=""text-align: left;"">Smart TV: S&iacute;</p> <p style=""text-align: left;"">Netflix: S&iacute;</p> <p style=""text-align: left;"">Facebook: S&iacute;</p> <p style=""text-align: left;"">Conectividad</p> <p style=""text-align: left;"">Entradas HDMI: 3</p> <p style=""text-align: left;"">Entradas USB: 2</p> <p style=""text-align: left;"">Conexi&oacute;n a Internet: S&iacute;</p> <p style=""text-align: left;"">Control Remoto: S&iacute;</p> <p style=""text-align: left;"">Dimensiones</p> <p style=""text-align: left;"">Alto: 70,59 cm</p> <p style=""text-align: left;"">Ancho: 123,01 cm</p> <p style=""text-align: left;"">Profundidad: 5,74 cm</p> <p style=""text-align: left;"">Alto (con base): 78,37 cm</p> <p style=""text-align: left;"">Ancho (con base): 123,01 cm</p> <p style=""text-align: left;"">Profundidad (con base): 24,33 cm</p> <p style=""text-align: left;"">Peso: 17,4 Kg</p> <p style=""text-align: left;"">Modelo: QN55Q60TAGCZB</p> <p>&nbsp;</p> </div> </div>"
17187,Jabón Líquido ALA Para Diluir 500 ml,480,840.99,840.99,0,https://www.hiperlibertad.com.ar/jabon-liquido-ala-para-diluir-500-ml/p,"El Lavado Perfecto con Ala es posible: remueve las manchas, cuida tu ropa, fragancia duradera y combate el mal olor. Mientras ahorra hasta un 20%*  Es más ecológico gracias a que posee activos biodegradables y su botella está hecha con plástico reciclado. 
Por otro lado, su fórmula tiene Activos Biodegradables. Esto quiere decir que el residuo químico que queda en el agua tras haber realizado el lavado, particularmente hablando de los agentes de limpieza presentes en la fórmula del producto, se biodegradarán en el tiempo a un mínimo del 80%. También, su pack está hecho de plástico reciclado y es 100% reciclable. 
Y por último, podrás conseguir el poder imbatible de Ala Líquido para diluir hasta un 20% de ahorro. 
Su fórmula tiene una tecnología contra el mal olor, esta eficiente tecnología encapsula los diferentes tipos de malos olores como el sudor, moho y hongos, humo y olores de baño. 
Ala líquido para diluir tiene una innovadora tecnología que, al diluirlo, revela la consistencia típica que tiene Ala Líquido regular. 

Su preparación es super fácil, y con la botella de 500 ml se logran obtener 3 litros de jabón líquido para la ropa, para que la uses como siempre.
Para prepararlo, solo se necesita llenar una botella con 2,5 litros de agua, agregar el Ala líquido para diluir y agitar suavemente. ¡Y listo, ya tenés tu jabón líquido con la textura y fragancia riquísima de siempre!

*vs precio sugerido Ala Repuesto Económico 3L"
13013,Aire Acondicionado Portatil Rca Aapr12k 3100w Frio/calor 12c,69,61999.0,61999.0,0,https://www.hiperlibertad.com.ar/aire-acondicionado-portatil-rca-aapr12k-3100w-frio-calor-12c/p,"Caracter&iacute;sticas Capacidad fr&iacute;o: 3500 WattsCapacidad calor: 3300 WattsTensi&oacute;n: 220V; 50 HzCorriente fr&iacute;o: 3,7 AmpereGas refrigerante: R410AControl de Temperatura: 16 ~ 31 &ordm;CCaudal de Aire: 410 m3/h FuncionesFunci&oacute;n fr&iacute;o: SiFunci&oacute;n calor: SiClimatizador digital: SiFunci&oacute;n deshumidificaci&oacute;n: SiFunci&oacute;n ventilaci&oacute;n: SiFunci&oacute;n sleep: SiTimer: Si DimensionesAlto de la unidad: 795 Mm.Ancho de la unidad: 480 Mm.Profundidad de la unidad: 400 Mm.Peso de la unidad: 32,5 Kg. AccesoriosControl remoto: SiManual: SiManguera de salida de aire exterior: SiAdaptador para ventana deslizante: SiAro de salida de pared: SiManguera de drenaje: Si"
18322,PARLANTES BT PHILIPS TAS1505W/00,44,3699.0,3699.0,0,https://www.hiperlibertad.com.ar/parlantes-bt-philips-tas1505w-00/p,"<p style=""text-align: left;""><strong>Sonido</strong></p>
<p style=""text-align: left;"">Potencia de salida (RMS): 2,5 W<br />Sistema de sonido: Mono</p>
<p style=""text-align: left;""><strong>Parlantes</strong></p>
<p style=""text-align: left;"">Controladores de los parlantes<br />Rango completo de 1,6""</p>
<p style=""text-align: left;""><strong>Conectividad</strong></p>
<p style=""text-align: left;"">Perfiles de Bluetooth: A2DP<br />Alcance Bluetooth: En l&iacute;nea visual, 20 m o 66 pies<br />Versi&oacute;n de Bluetooth: 5<br />Tipo de cable: Cable de carga USB (Tipo C)</p>
<p style=""text-align: left;""><strong>Comodidad</strong></p>
<p style=""text-align: left;"">Resistencia al agua<br />IPX7</p>
<p style=""text-align: left;""><strong>Alimentaci&oacute;n</strong></p>
<p style=""text-align: left;"">Tipo de bater&iacute;a: Litio (integrada)<br />Capacidad de la bater&iacute;a: 480 mAh<br />Tiempo de funcionamiento con bater&iacute;a: 8 h<br />Tiempo de carga: 2,5 h</p>
<p style=""text-align: left;""><strong>Accesorios</strong></p>
<p style=""text-align: left;"">Cable<br />Cable de carga USB<br />Accesorios incluidos</p>"
18321,PARLANTES BT PHILIPS TAS1505B/00,44,3439.0,3439.0,0,https://www.hiperlibertad.com.ar/parlantes-bt-philips-tas1505b-00/p,"<p style=""text-align: left;""><strong>Llev&aacute; la fiesta en el bolsillo</strong></p>
<p class=""p-body-copy-02"" style=""text-align: left;"">Llev&aacute; la fiesta en el bolsillo con el parlante Bluetooth que es lo suficientemente peque&ntilde;o para colgarlo de tu mu&ntilde;eca. Este diminuto parlante es completamente resistente al agua y te ofrece un sonido sorprendentemente potente para su tama&ntilde;o.</p>
<div class=""p-s12__feature-item p-spacing-bottom-c"" style=""text-align: left;"">
<div class=""p-s12__feature-description p-spacing-bottom-a"">
<h3 class=""p-heading-04-large p-heading-bold p-feature-title"">Robusto y resistente al agua IPX7</h3>
<p class=""p-body-copy-02"">Este altavoz Bluetooth port&aacute;til cuenta con clasificaci&oacute;n IPX7, lo que significa que puede resistir una inmersi&oacute;n total en agua de hasta 1 metro de profundidad por hasta 30 minutos. Pod&eacute;s divertirte en la ducha, junto a la pileta o incluso dentro de ella. El alcance inal&aacute;mbrico es de 20 m.</p>
</div>
</div>
<div class=""p-s12__feature-item p-spacing-bottom-c"" style=""text-align: left;"">
<div class=""p-s12__feature-description p-spacing-bottom-a"">
<h3 class=""p-heading-04-large p-heading-bold p-feature-title"">8 horas de tiempo de reproducci&oacute;n, 2,5 horas de tiempo de carga</h3>
<p class=""p-body-copy-02"">El sonido se mantiene claro incluso cuando reproduc&iacute;s m&uacute;sica a todo volumen, y un radiador pasivo impulsa los graves. Obtienes 8&nbsp;horas de tiempo de reproducci&oacute;n, y una carga completa tarda 2,5 horas. La conexi&oacute;n Bluetooth es estable y el emparejamiento es sencillo.</p>
</div>
</div>
<div class=""p-s12__feature-item p-spacing-bottom-c"">
<div class=""p-s12__feature-description p-spacing-bottom-a"">
<h3 class=""p-heading-04-large p-heading-bold p-feature-title"" style=""text-align: left;"">Eleg&iacute; tu combinaci&oacute;n de colores. Mostr&aacute; tu estilo</h3>
<p class=""p-body-copy-02"" style=""text-align: left;"">Siempre vos. Este peque&ntilde;o parlante Bluetooth est&aacute; disponible en varias combinaciones de colores para que puedas crear tu estilo. La correa de transporte que combina facilita transportar el parlante donde quiera que vayas.</p>
</div>
</div>"
16510,NOTEBOOK BANGHO 14 PULGADAS MAX L4 I1 4GB,47,59599.0,59599.0,0,https://www.hiperlibertad.com.ar/notebook-bangho-14-pulgadas-max-l4-i1-4gb/p,"Con la&nbsp;Notebook Bangh&oacute; Max L4 i1 Microsoft 365 Personal, podr&aacute;s llevar tus archivos y documentos a todos lados gracias a su peso ligero y tama&ntilde;o reducido sin perder prestaciones, pantalla de 14 pulgadas HD para visualizaci&oacute;n completa. Adem&aacute;s, toda la conectividad a tu alcance con puertos USB, HDMI, Wifi y Bluetooth.Con&nbsp;Microsoft 365 Personal, podr&aacute;s disfrutar de las siguientes aplicaciones: Word, Excel, PowerPoint, Outlook, OneNote y servicios como OneDrive y Skype. Con OnEDrive vas a poder llevar tus archivos y documentos a todos lados mediante la nube y gracias a Skype conectarte con tus amigos y familiares en sus tel&eacute;fonos m&oacute;viles o fijos con 60 minutos de llamadas por Skype al mes.ProcesadorProcesador Intel:&nbsp; CeleronMod. procesador: N4000MemoriaDisco: SSD 120 GBMemoria ram. 4 GBTipo de disco. SSDSistema OperativoSistema operativo: Windows 10ImagenTama&ntilde;o de pantalla. 14 pulgadasResoluci&oacute;n de pantalla. 1366 x 768Pantalla t&aacute;ctil. NoTecnolog&iacute;a de pantalla. LedPlaca de video: Intel UHD Graphics 600ConectividadWi-Fi: S&iacute;Puertos usb: USB 2.0 x 1, USB 3.1 x 1, USB-C x 1Puerto HDMI: SiBluetooth. S&iacute;Placa de red. S&iacute;DetallesCamara: S&iacute;Teclado num&eacute;rico: NoColor:Gris oscuro satinadoDimensionesMedidas: 324.9 x 219.5 x 18.3 mmPeso: 1.5 Kg"
19388,MOUSE VERBATIM WIRELESS MINI,52,1699.0,1699.0,0,https://www.hiperlibertad.com.ar/mouse-verbatim-wireless-mini/p,MOUSE VERBATIM WIRELESS MINI
11387,PARLante Bluetooth PHILIPS TAS2505B/00 3W,44,4199.0,4199.0,0,https://www.hiperlibertad.com.ar/parlante-bluetooth-philips-tas2505b-00-3w/p,"Parlante Bluetooth | Potencia 3W RMS | Resistente al agua IPX7 | Luces LED R&iacute;tmicas | Micr&oacute;fono integrado para llamadas con manos libres | Botones en relieve para volumen, emparejamiento est&eacute;reo y mucho m&aacute;s | Cuerda de transporte incluida | Bater&iacute;a recargable (10 hrs.) | Alcance Bluetooth: 20 metros. | Garant&iacute;a: 1 a&ntilde;o | Origen: China."
11684,PARLante Bluetooth PHILIPS TAS3505/00 5W,44,5999.0,5999.0,0,https://www.hiperlibertad.com.ar/parlante-bluetooth-philips-tas3505-00-5w/p,"Parlante Bluetooth | Potencia 5W RMS | Resistente al agua IPX7 | Forma y funci&oacute;n en perfecta armon&iacute;a | Tela ac&uacute;stica para parlante Kvadrat. Dise&ntilde;ada para dejar pasar el sonido | Botones en relieve para volumen, emparejamiento est&eacute;reo y mucho m&aacute;s | Bater&iacute;a recargable (10 hrs.) | Alcance Bluetooth: 20 metros. | Garant&iacute;a: 1 a&ntilde;o | Origen: China."
11348,PARLante Bluetooth PHILIPS TAS2505W/00 3W,44,4199.0,4199.0,0,https://www.hiperlibertad.com.ar/parlante-bluetooth-philips-tas2505w-00-3w/p,"Dise&ntilde;o  Llev&aacute; la fiesta a cualquier parte con este parlante compacto Philips TAS2505W/00 resistente al agua que se ilumina al ritmo de la m&uacute;sica. La correa de transporte facilita ir a donde quieras y ten&eacute;s hasta 10 horas de tiempo de reproducci&oacute;n. Este altavoz Bluetooth port&aacute;til cuenta con clasificaci&oacute;n IPX7, lo que significa que puede resistir una inmersi&oacute;n total en agua de hasta 1 metro de profundidad por hasta 30 minutos. Pod&eacute;s divertirte en la ducha, junto a la pileta o incluso dentro de ella. El alcance inal&aacute;mbrico es de 20 m. &nbsp; Caracter&iacute;sticas   Potencia de salida (RMS) 3 W &nbsp;   Sistema de sonido. Mono &nbsp;   Controladores de los parlantes Rango completo de 1,75"" &nbsp;   Versi&oacute;n de Bluetooth: 5 &nbsp;   Micr&oacute;fono integrado &nbsp;   Tipo de cable Cable de carga USB (Tipo C) &nbsp;   Emparejamiento autom&aacute;tico &nbsp;   Resistencia al agua IPX7 &nbsp;   Control de volumen Subida/bajada digital &nbsp;   Micr&oacute;fono integrado. S&iacute; &nbsp;   Apagado autom&aacute;tico: S&iacute; &nbsp;"
11683,PARLante Bluetooth PHILIPS TAS6305/00 20W,44,19939.0,19939.0,0,https://www.hiperlibertad.com.ar/parlante-bluetooth-philips-tas6305-00-20w/p,Parlantes Inal&aacute;mbrico Bluetooth | Potencia 20W Stereo | Resistente al agua IPX7 | Cargador de otros dispositivos | Funci&oacute;n que evita cortes | Funci&oacute;n TWS: se puede emparejar con otro id&eacute;ntico dispositivo | Luces LEDs r&iacute;tmicas | Entrada de audio (3.5 mm) | Control de volumen incorporado | Bater&iacute;a recargable (20 hs.) | Alcance Bluetooth: 20 m. | Garant&iacute;a: 1 a&ntilde;o | Origen: China.
13709,TORRE PHILIPS TAX3305/77 100W,38,59179.0,59179.0,0,https://www.hiperlibertad.com.ar/torre-philips-tax3305-77-100w/p,"Diseño Carry On con ruedas y manija, Woofer 12"", consola superior para regular volumen, ecualizador y luces, entrada para micrófono y guitarra. Función karaoke, luces rítmicas, batería recargable (12 hrs.)- Alcance Bluetooth: 10 metros."
16523,AIRE ACONDICIONADO HYUNDAI 5000 FC HY8,68,141999.0,141999.0,0,https://www.hiperlibertad.com.ar/aire-acondicionado-hyundai-5000-fc-hy8/p,"AIRE ACONDICIONADO HYUNDAI 5000 FC HY8 Climatizar tus espacios a lo largo del a&ntilde;o es sin duda algo importante para tu comodidad y la de tus seres queridos. Contar con un aire acondicionado con funci&oacute;n fr&iacute;o/calor es la mejor decisi&oacute;n. Con este aire Hyundai HY8-5000FC consegu&iacute; una mejor relaci&oacute;n costo-beneficio. Dise&ntilde;o adecuado a tus espacios El tipo de aire split es de los m&aacute;s conocidos, y m&aacute;s utilizados en la actualidad. Al tener sus unidades por separado son sumamente silenciosos y adem&aacute;s son de bajo consumo energ&eacute;tico y f&aacute;cil mantenimiento. Program&aacute; el encendido a tus necesidades Con el timer vas a poder programar su encendido o apagado a la hora que quieras y disfrutar as&iacute; de un clima ideal apenas ingres&aacute;s a tu casa. Cuando las personas descansan, su temperatura corporal baja gradualmente. Por eso, este aire cuenta con la funci&oacute;n Sleep, que hace que la temperatura del ambiente aumente a medida que pasa el tiempo. &iexcl;Ya no vas a tener que preocuparte por levantarte a apagarlo y podr&aacute;s disfrutar de un sue&ntilde;o placentero! &nbsp; Fr&iacute;o / Calor  &nbsp; Tama&ntilde;o del ambiente  58 m3&nbsp; &nbsp; Frigor&iacute;as (Fr&iacute;o)  2949 Fg &nbsp; Frigor&iacute;as (Calor)  3130 Fg &nbsp; Especificaciones Eficiencia energ&eacute;tica: A.Tiene temporizador.Cuenta con funci&oacute;n de dormir.Incluye control remoto.Dimensiones de la unidad externa: 78cm de ancho x 60.5cm de alto x 29cm de profundidad.Dimensiones de la unidad interna: 90.1cm de ancho x 29.2cm de alto x 20.5cm de profundidad. &nbsp;"
16056,Cerveza Stella Artois,16,1526.99,1526.99,0,https://www.hiperlibertad.com.ar/cerveza-stella-artois-x-269-cc-pack-10-unidades/p,Cerveza Stella Artois
18191,TERMOMETRO DIGITAL  ASPEN MT31,294,999.0,999.0,0,https://www.hiperlibertad.com.ar/termometro-digital-aspen-mt31/p,"<div class=""DescriptionText__StyledDescriptionText-sc-14hdqca-0 jSfZEH"" data-test-id=""product-description"">
<div class=""DescriptionText__AltDescriptions-sc-14hdqca-1 kRzjhj"">
<h3>&bull; Tiempo estimado de medici&oacute;n: 60""<br />&bull; Presici&oacute;n: &plusmn;0,1&ordm;C<br />&bull; Bater&iacute;a : 1 x LR41, SR41 o UCC 392 (1.5V)<br />&bull; Ultima medicion.<br />&bull; Resistente al agua.<br />&bull; Alarma de fiebre.<br />&bull; Punta rigida.<br />&bull; Incluye estuche.</h3>
</div>"
11254,PARLANTE BT PHILIPS TAS5305/00 16W,44,15989.0,15989.0,0,https://www.hiperlibertad.com.ar/parlante-bt-philips-tas5305-00-16w/p,Parlante Bluetooth Philips TAS5305/00 | Potencia 16W Stereo | Resistente al agua IPX7 | Funci&oacute;n que evita los cortes | Luces LED r&iacute;tmicas | Entrada de audio (3.5mm) | Control de vol&uacute;men incorporado | Bater&iacute;a recargable (12 hrs.) | Alcance Bluetooth: 20 metros.
11226,LRR. DREAN NEXT 8.14 P ECO,85,63999.0,63999.0,0,https://www.hiperlibertad.com.ar/lrr-drean-next-8-14-p-eco/p,LRR. DREAN NEXT 8.14 P ECO
14517,COCINA PATRICK 4 HORNALLAS CP9750I,90,71469.0,71469.0,0,https://www.hiperlibertad.com.ar/cocina-patrick-cp9750i/p,"<h3 style=""text-align: left;"">Dise&ntilde;o</h3> <div class=""innerContent"" style=""text-align: left;""> <p>Patrick CP9750I es una cocina de dise&ntilde;o cl&aacute;sico en color metalizado que cuenta con cuatro hornallas; horno y caj&oacute;n calienta platos. Dispone de 2 quemadores chicos; 1 mediano y 1 grande. Adem&aacute;s, una tapa de vidrio templado permite cubrirlos cuando no se utilizan.</p> </div> <h3 style=""text-align: left;"">Dimensiones</h3> <div class=""innerContent"" style=""text-align: left;""> <p>Sus medidas est&aacute;ndar de 86 cm de alto; 50 cm de ancho y 66 cm de profundidad hacen que se ajuste a cualquier tipo de cocina.</p> </div> <h3 style=""text-align: left;"">Caracter&iacute;sticas especiales</h3> <div class=""innerContent"" style=""text-align: left;""> <p>Las paredes interiores de la cocina CP9750I poseen un esmalte Easy Clean Max con capacidad antiadherente que facilita su limpieza y las hace muy resistentes. Asimismo, el horno cuenta con una puerta con doble vidrio panor&aacute;mico para mayor seguridad contra quemaduras. Por &uacute;ltimo, cuenta con luz interior y encendido electr&oacute;nico en horno y hornallas.</p> </div> <div class=""innerContent""> <h3 style=""text-align: left;"">Datos tecnicos</h3> <p style=""text-align: left;"">Cantidad de quemadores: 4</p> <p style=""text-align: left;"">Horno visor con doble vidrio: S&iacute;</p> <p style=""text-align: left;"">Luz interior: S&iacute;</p> <p style=""text-align: left;"">Dimensiones: 86 cm de alto; 50 cm de ancho y 66 cm de profundidad</p> <p style=""text-align: left;"">Tapa de vidrio templado: S&iacute;</p> <p style=""text-align: left;""><strong>Funciones</strong></p> <p style=""text-align: left;"">Grill el&eacute;ctrico: No</p> <p style=""text-align: left;"">Encendido electr&oacute;nico: S&iacute;</p> <p style=""text-align: left;"">Spiedo: No</p> <p style=""text-align: left;"">Timer: No</p> </div>"
11135,PLANCHA ULTRAGLISS 4 AZUL MOU,104,15019.0,15019.0,0,https://www.hiperlibertad.com.ar/plancha-ultragliss-4-azul-mou/p,PLANCHA ULTRAGLISS 4 AZUL MOU
10680,Licuadora Moulinex Optimix Plus 500W LM278158,77,7999.0,7999.0,0,https://www.hiperlibertad.com.ar/licuadora-moulinex-optimix-plus-500w-lm278158/p,"Potencia: 550 wattsCapacidad total: 2 litrosVaso de pl&aacute;stico2 velocidades + pulsador para obtener diferentes consistencias en sus preparacionesTraba de seguridad en la base de la jarra, mediante sistema de seguridad mec&aacute;nico que asegura el vaso a la base para mayor estabilidad y evitar que el acople se desgasteCuchillas de acero inoxidable de alta resistencia para licuar, mezclar y moler diversos ingredientesPortacable en la base para almacenamiento m&aacute;s f&aacute;cil"
11098,CALEFON 14L RHEEM S/LLA PIL GN,113,59589.0,59589.0,0,https://www.hiperlibertad.com.ar/calefon-14l-rheem-s-lla-pil-gn/p,CALEFON 14L RHEEM S/LLA PIL GN
16502,HORNO ELECTRICO BGH 65 LTS,94,33469.0,33469.0,0,https://www.hiperlibertad.com.ar/horno-electrico-bgh-65-lts/p,"Tipos de horno: El&eacute;ctrico




Tipo de montaje: De mesa


Ancho: 64 cm




Profundidad: 39.5 cm


Altura: 44.8 cm




Con temporizador: S&iacute;


Con convecci&oacute;n: S&iacute;




Con termostato: S&iacute;


Con luz interior: S&iacute;




Cantidad de niveles: 4


Accesorios incluidos: Rejilla,Bandeja




Tipos de panel de control: Mec&aacute;nico


Temperatura m&aacute;xima: 250 &deg;C"
7113,SMART 70 4K PHILIPS 70PUG6774,34,173299.0,173299.0,0,https://www.hiperlibertad.com.ar/smart-tv-philips-70-pulgadas-4k-uhd-70pug6774-77/p,"Smart TV Philips 70"" 4K 70PUG6774 Bases delgadas y refinadas, transmiten liviandad - Pixel Precise Ultra HD, im&aacute;genes fluidas con una profundidad asombrosa - SAPHI, la forma m&aacute;s inteligente de disfrutar de tu televisor - Galer&iacute;a de aplicaciones de Philips que te permite acceder a YouTube, Netflix y mucho m&aacute;s - Graves profundos y di&aacute;logos n&iacute;tidos. &nbsp; Descripci&oacute;n   Pantalla LED de 70"" Resoluci&oacute;n UHD 4K Puertos: HDMI x3 / USB x2 Compatible con HDR 10 Sistema operativo SAPHI Apps: Netflix, Youtube y mucho m&aacute;s Modelo 70PUG6774 Tipo de producto: Smart TV Tipo de pantalla: LED Pulgadas: 70"" Resoluci&oacute;n de pantalla: 3840 x 2160 px. Resoluci&oacute;n de video: Ultra HD 4K HDR: S&iacute; Tipo de Sonido: Est&eacute;reo Salida de audio &oacute;ptico digital: S&iacute; Salida de auriculares: S&iacute; Wi-Fi: S&iacute; Bluetooth: No Puerto de red: S&iacute; Entradas HDMI: 3 Entradas USB: 2 Entrada Video por Componentes: S&iacute; Control remoto: S&iacute; Sistema operativo: SAPHI Aplicaciones: Netflix TV, YouTube, Explorador de Internet abierto, Tiendas de video en l&iacute;nea."
10346,acondicionador DOVE REGENERACION EXTREMA 12 X 750ML,1,604.99,604.99,0,https://www.hiperlibertad.com.ar/acondicionador-dove-regeneracion-extrema-12-x-750ml/p,"Descubre el Acondicionador Dove Regeneración Extrema. Un concentrado poderoso de ingredientes activos regeneradores que nutren profundamente la fibra capilar activando el proceso de regeneración interna del cabello**. Mejora la condición del cabello, para un crecimiento sano y para un nuevo comienzo.

La regeneración se trata de la reparación de daños externos del cabello, como suavidad, brillo, resistencia al quiebre (que se nota desde el primer uso) y además reparación de daños internos, como fortalecimiento de la estructura interna de la fibra capilar (con el uso regular de los productos de la línea). 
Así se mejora la condición del cabello extremadamente dañado, para un crecimiento sano y para un “nuevo comienzo”, con un cabello reparado y que se ve lindo y manejable.
Su fórmula contiene una nueva tecnología acondicionante que actúa de manera inteligente reparando las zonas más dañadas de tu pelo.

Esta nueva tecnología fue específicamente diseñada para reparar el cabello extremadamente dañado o que haya sufrido corte químico.
El corte químico ocurre cuando el cabello sufre una agresión externa, ya sea por tratamientos químicos excesivos sobre el pelo debilitado o por errores en la aplicación de productos.
¿Qué hace? La nueva tecnología se absorbe con mayor facilidad sobre la superficie dañada del pelo formando una fina película, disminuyendo la fricción entre las fibras.
¿Cuál es el beneficio? 
»	Mayor suavidad y brillo
»	Menos frizz
»	Menos puntas abiertas 
»	Más fácil de peinar (tanto en húmedo como seco)
**Refuerza la estructura interna del cabello, con el uso regular de shampoo y el acondicionador Dove Regeneración Extrema, comparado con shampoo sin ingredientes acondicionadores."
3563,Termo Stanley Clasico 1 L Verde,130,32049.0,32049.0,0,https://www.hiperlibertad.com.ar/termo-stanley-clasico-1l-verde/p,"Con menor distancia entre sus paredes internas que garantiza mayor durabilidad.La palabra que viene a la mente es ""icónico"": diseño elegante, construcción robusta y una actitud indescriptible. Totalmente a prueba de fugas y capaz de mantener las bebidas calientes o frías durante 24 horas o con hielo durante 120 horas. Con el termo Stanley nunca tendrás que preocuparte de que el agua se enfríe o que tu bebida se caliente."
6540,AIRE ACONDICIONADO RCA RHS2600 2600W FRÍO/CALOR,68,55999.0,55999.0,0,https://www.hiperlibertad.com.ar/aire-acondicionado-rca-rhs2600-2600w-frio-calor/p,"Caracter&iacute;sticas   Capacidad fr&iacute;o: 2600 Watts      Capacidad calor: 2600 Watts      Tensi&oacute;n: Monof&aacute;sico 220-50      Potencia fr&iacute;o: 809 Watts      Potencia calor: 733 Watts      Corriente fr&iacute;o: 3,8 Ampere      Corriente Calor: 3,5 Ampere      Eficiencia Energ&eacute;tica (IEE/Letra): A      Eficiencia Energ&eacute;tica (COP/Letra): B      Consumo Anual de Energ&iacute;a: 405 Kwh.      Gas refrigerante: R410A     Funciones   Funci&oacute;n fr&iacute;o: Si      Funci&oacute;n calor: Si      Climatizador digital: Si      Funci&oacute;n deshumidificaci&oacute;n: Si      Funci&oacute;n ventilaci&oacute;n: Si      Funci&oacute;n Sleep: Si      Control auxiliar: Si      Funci&oacute;n Ifeel: Si      Timer: Si     Dimensiones   Alto de la unidad int.: 270 Mm.      Ancho de la unidad int.: 835 Mm.      Profundidad de la unidad int.: 210 Mm.      Peso de la unidad int.: 8 Kg.      Alto de la unidad ext.: 482 Mm.      Ancho de la unidad ext.: 660 Mm.      Profundidad de la unidad ext.: 240 Mm.      Peso de la unidad ext.: 25 Kg.     Accesorios   Control remoto: Si      Manual: Si"
2515,Parlante portátil bluetooth Philips 4W BT3900P/00,44,4799.0,4799.0,0,https://www.hiperlibertad.com.ar/parlante-portatil-bluetooth-philips-4w-bt3900p-00/p,"Parlante portátil bluetooth Philips 4W BT3900P/00 - Características principales:* Color: Rosa.* Tipo de producto: Parlante portátil.* Potencia de salida (W RMS): 4 W.* Conexiones: Bluetooth, Jack 3.5 mm, Puerto USB.* Parlantes: 2.* Refuerzo de graves: Si.* Pilas: Poli?mero de litio (incorporado).* Alimentación: USB.* Control remoto: No.* Sonido: Mono.* Altavoces: Sí.* Grabación alta velocidad: No.* Función reloj: No.* Función despertador: No.* Dimensiones: Alto: 158 mm - Ancho: 204 mm - Profundidad: 29 mm.* Peso: 0,22 kg.* Garantía: 24 meses."
597,Parlante portátil bluetooth Philips 10W BT6900P/00,44,6499.0,6499.0,0,https://www.hiperlibertad.com.ar/parlante-portatil-bluetooth-philips-10w-bt6900p-00/p,"Parlante portátil bluetooth Philips 10W BT6900P/00 - Características principales:* Color: Rosa.* Tipo de producto: Parlante portátil.* Potencia de salida (W RMS): 10 W.* Conexiones: Bluetooth, Jack 3.5 mm, Slot TF Card.* Parlantes: 2.* Refuerzo de graves: Si.* Pilas: Bateria Ion-litio (integrada).* Alimentación: USB.* Control remoto: No.* Sonido: Mono.* Altavoces: Sí.* Grabación alta velocidad: No.* Función reloj: No.* Función despertador: No.* Alto: 94 mm.* Ancho: 175 mm.* Profundidad: 122 mm.* Peso: 0.313 kg.* Garantía: 24 meses."
599,LAVARROPAS NEXT 10.12WCRG ECO,85,314699.0,314699.0,0,https://www.hiperlibertad.com.ar/lavarropas-next-10-12wcrg-eco/p,LAVARROPAS NEXT 10.12WCRG ECO
1631,Cocina multigás Whirlpool WFX57DI 56 cm,90,197319.0,197319.0,0,https://www.hiperlibertad.com.ar/cocina-multigas-whirlpool-wfx57di-56-cm/p,Cocina multigás Whirlpool WFX57DI 56 cm - Características principales:* Marca: Whirlpool.* Modelo: WFX57DI.* Color: Acero.* Tipo de producto: Cocina a gas.* Hornallas: 4.* Encendido: Manual.* Luz en el horno: Sí.* Válvula de seguridad (en el horno): Sí.* Doble vidrio: Sí.* Tipo de gas: Multigas.* Controles: Analógico.* Termostato: No.* Traba de seguridad: Sí.* Descongelamiento: No.* Spiedo: No.* Alto: 85 cm.* Ancho: 56 cm.* Profundidad: 60 cm.* Importante: La conversión de gas natural a gas licuado debe ser realizada por un técnico matriculado y deberá seguir la instrucciones indicadas en el manual. Garantía: 12 meses.* Origen: Argentina.
1140,Auriculares Philips On Ear bluetooth SHB3175BK/00,39,5399.0,5399.0,0,https://www.hiperlibertad.com.ar/auriculares-philips-on-ear-bluetooth-shb3175bk-00/p,Auriculares Philips On Ear bluetooth SHB3175BK/00 - Características principales:* Control de volumen: Si.* Capacidad de potencia: 40 mW.* Respuesta de frecuencia: 8 - 21500 Hz.* Impedancia: 32 ohmios.* Sensibilidad: 104 dB.* Batería: Se carga a través de cable USB y ofrece hasta 12 horas de autonomía.* Micrófono: Si.* Tipo de uso: On Ear.* Conectividad: Bluetooth.* Modelo: SHB3175BK/00.* Origen: Argentina.* Control de volumen: Si.* Capacidad de potencia: 40 mW.* Respuesta de frecuencia: 8 - 21500 Hz.* Impedancia: 32 ohmios.* Sensibilidad: 104 dB.* Alcance máximo de hasta 10 metros.
2100,Auriculares Philips bluetooth SHB3175WT/00,39,5399.0,5399.0,0,https://www.hiperlibertad.com.ar/auriculares-philips-bluetooth-shb3175wt-00/p,Auriculares Philips bluetooth SHB3175WT/00
3540,Auriculares Philips SHL3075WT/00W Blanco,39,1249.0,1249.0,0,https://www.hiperlibertad.com.ar/auriculares-philips-shl3075wt-00w-blanco/p,"Controladores de parlante potentes de 12,2 mm | Gran aislamiento de ruidos | Ajuste intrauditivo compacto y estable | Dise&ntilde;o ergon&oacute;mico para m&aacute;xima comodidad | Control remoto para llamadas manos libres y m&uacute;sica | Garant&iacute;a: 1 a&ntilde;o | Origen: China."
3539,Tensiómetro digital de brazo Aspen KD5031,294,11779.0,11779.0,0,https://www.hiperlibertad.com.ar/tensiometro-digital-de-brazo-aspen-kd5031/p,"Tensiómetro digital de brazo Aspen KD5031 - Características principales:* 60 memorias.* Modelo: KD-5031.* Origen: Argentina.* Diseño: El tensiómetro digital de brazo Aspen KD-5031 posee un tamaño compacto que lo hace fácil de manipular y trasladar. Viene con un visor amplio y números grandes para facilitar la lectura de resultados. Además, su brazalete posee inflado automático.* Cuenta con dos indicadores, uno de pulso irregular del ritmo cardíaco y otro que alerta sobre riesgo de hipertensión. También, tiene una memoria que registra las últimas 60 mediciones y una función que proporciona un valor medio (en base a las últimas 3 mediciones)."
3611,"Lavarropas Samsung carga frontal 6,5 kg 1000 RPM WW65M0NHWU",85,89999.0,89999.0,0,https://www.hiperlibertad.com.ar/lavarropas-samsung-carga-frontal-6-5-kg-1000-rpm-ww65m0nhwu/p,"Lavarropas Samsung carga frontal 6,5 kg 1000 RPM WW65M0NHWU - Características principales:* El exclusivo diseño Tambor Diamante es sumamente amable para tu ropa, al permitir un deslizamiento delicado, sin comprometer la integridad de las telas. Lavado rápido 29'.* El programa Lavado Rápido es la solución perfecta para tu vida ocupada: lavará la ropa ligeramente sucia con rapidez y eficacia, y podrás disfrutar de más tiempo para ti. Protección contra picos de tensión.* El sistema Voltage Protection ofrece protección para tu lavarropas frente a voltajes entre 165V y 400V. De esta manera, protege tu lavarropas de picos o caídas de tensión, lo que resulta en un aumento de la vida útil. Puerta de gran capacidad.* Una puerta de 460 mm facilita la carga y descarga de tu ropa. Además, el tambor ultra ancho de 330 mm te permite lavar una gran cantidad de prendas al mismo tiempo, optimizando tu tiempo y consumo de energía.  Display simple y cómodo.* Su panel está convenientemente diseñado para brindar una operación más cómoda. El display de LED, botones suaves al tacto y un display digital adicional fácil de leer hacen que la configuración del programa de lavado y controlar el progreso del ciclo sea simple y fácil."
23315,ASP ULTRACOM AS4224 1800W 2.5L,103,20999.0,20999.0,0,https://www.hiperlibertad.com.ar/asp-ultracom-as4224-1800w-2-5l/p,ASP ULTRACOM AS4224 1800W 2.5L
2985,Soporte para TV fijo SPL-384f,36,2799.0,2799.0,0,https://www.hiperlibertad.com.ar/soporte-para-tv-fijo-spl-384f/p,"Soporte para TV, LCD, LED,3D fijo de 32""a 55"""
10623,VENTILADOR DE PIE 20 PULGADAS LILIANA VPD20R,71,13499.0,13499.0,0,https://www.hiperlibertad.com.ar/ventilador-de-pie-20-pulgadas-liliana-vpd20r/p,"VENTILADOR DE PIE VPD20RVentilador de Pie Orbital con RepelerComando&nbsp;DigitalControl Remoto + Timer programable hasta 7:30hs.Barral extensible con traba de f&aacute;cil regulaci&oacute;n.Sistema Brisa:Regula autom&aacute;ticamente la intensidad del caudal de aire.Funci&oacute;n Sleep:Regula gradualmente el caudal de aire.&middot; Barral telesc&oacute;pico met&aacute;lico de 1,70 m.&middot; Parrilla cromada.&middot; Base redonda.&middot; S&uacute;per silencioso.&middot; Enrollacable.. 3 aspas met&aacute;licas.&middot; 3 velocidades.&middot; Di&aacute;metro de 20&Prime;.&middot; Potencia: 90 watts.&middot; Medidas: 57,4x16x75,5 cm.Sistema OrbitalDirecciona la brisa en forma horizontal y vertical.Este sistema permite que el cabezal del ventilador se desplace sobre su eje en forma el&iacute;ptica, distribuyendo la brisa fresca en forma suave y uniforme hacia ambos lados como as&iacute; tambi&eacute;n hacia arriba y hacia abajo.&nbsp;Esta acci&oacute;n posibilita la recirculaci&oacute;n permanente del aire, permite bajar la temperatura del ambiente brindando una confortable sensaci&oacute;n&nbsp;de frescura y bienestar.Dispositivo RepelerPermite colocar una tableta repelente de insectos de tama&ntilde;o est&aacute;ndar. Las part&iacute;culas liberadas por dichas tabletas son tomadas por las aspas del ventilador y distribuidas uniformemente en todo el ambiente.Garant&iacute;a 2 A&ntilde;osIndustria Argentina"
450,Lavarropas Samsung automático WA70F5S4UDW 7 kg 700 RPM,85,104499.0,104499.0,0,https://www.hiperlibertad.com.ar/lavarropas-samsung-automatico-wa70f5s4udw-7-kg-700-rpm/p,"Diseño: El Samsung WA70F5S4UDM es un lavarropas de carga superior con un diseño pensado para simplificar su uso y maximizar su funcionalidad. Gracias a su tambor con forma de diamante, la ropa no se estropea. Los orificios de desagüe son hasta un 43 por ciento más pequeños que en otras máquinas, lo que previene cualquier tipo de daño en los tejidos. A su vez, su tapa de vidrio templado garantiza durabilidad y su mecanismo de apertura en dos tramos ocupa menos espacio. Además, un amigable panel de control con display de indicadores LED facilita el manejo del equipo.Tecnología: Gracias a su tecnología Wobble, el lavarropas Samsung genera un flujo de lavado multidireccional que empapa todas las áreas del tambor y reduce la fricción que altera y estropea la textura de las telas. Por otro lado, además del centrifugado, con Air Turbo el equipo consigue prendas más secas al incorporar aire a gran velocidad. En tanto, sus sistema Magic Filter atrapa las pelusas y cualquier otra partícula que pueda adherirse a la ropa y alterar su color o textura original.Capacidad y potencia: Su capacidad de lavado es de hasta 7 kilos y su potencia de centrifugado de 700 RPM (revoluciones por minuto). Hay que tener en cuenta que el peso se calcula en prendas secas, no mojadas. Para una familia de 4 personas, por ejemplo, se recomienda una capacidad de 9 kilos.Funciones: El WA70F5S4UDM tiene 9 programas preestablecidos. Entre ellos, está Ropa de cama, para cuidar el lavado de sábanas y fundas de almohadas; y Delicados, para cuidar las telas y tejidos especiales."
2487,Lavarropas Aurora carga frontal 6 kg 600 RPM 6506,85,78699.0,78699.0,0,https://www.hiperlibertad.com.ar/lavarropas-aurora-carga-frontal-6-kg-600-rpm-6506/p,"Dise&ntilde;o   El lavarropas de carga frontal Aurora 6506 est&aacute; especialmente dise&ntilde;ado para mejorar toda la experiencia de lavado de ropa. Con una puerta de 48cm de di&aacute;metro y apertura instant&aacute;nea, colocar las prendas es muy f&aacute;cil. Gracias a la ubicaci&oacute;n de su panel de control en el frente superior, cambiar programas y velocidades es s&uacute;per sencillo.  Tecnolog&iacute;a  Gracias a un c&oacute;modo Display digital de 7 segmentos, es muy sencillo activar todas las funciones y programas. La pantalla indica en tiempo real el programa seleccionado y el avance del ciclo de cada etapa de lavado.  Capacidad y potencia  Su capacidad de lavado es de hasta 6 kilos y su potencia de centrifugado de 600 RPM (revoluciones por minuto). Hay que tener en cuenta que el peso se calcula en prendas secas, no mojadas. Por lo que, para una familia de 4 personas se recomienda un&nbsp;producto a partir de 7 kilos, aproximadamente.  Funciones  El Aurora 6506 viene con 29 combinaciones de lavado para todo tipo de telas. Adem&aacute;s, cuenta con funci&oacute;n lavado r&aacute;pido y Lavado a Mano, que simula un lavado a mano cuidando especialmente la ropa con un sistema lento y suave. Por otro lado, tiene control de temperatura para no maltratar ninguna prenda."
2537,Heladera con freezer Patrick 364 lts HPK141M00B blanca,99,213499.0,213499.0,0,https://www.hiperlibertad.com.ar/heladera-con-freezer-patrick-364-lts-hpk141m00b-blanca/p,"Dise&ntilde;o La heladera Patrick HPK141M00B cuenta con un pr&aacute;ctico y c&oacute;modo dise&ntilde;o exterior de tipo Top Mount, es decir que ubica el freezer en la parte superior y el refrigerador en la inferior. En su interior, dispone de anaqueles y estantes regulables en altura que se adaptan a las diversas necesidades de guardado de productos y alimentos. Adem&aacute;s, viene con un doble caj&oacute;n especial para frutas y verduras, dos hueveras, dos hieleras y patas niveladoras regulables. Consumo energ&eacute;tico Su calificaci&oacute;n de eficiencia energ&eacute;tica es clase A, lo que significa que su utilizaci&oacute;n de electricidad es &oacute;ptima, cuidando al medio ambiente. Por otro lado, su iluminaci&oacute;n interior LED permite el ahorro y evita el calor que producen otro tipo de luces. Capacidad La capacidad de almacenamiento bruto es de 364 litros, mientras que su capacidad neta es de 359 litros. El refrigerador cuenta con 268 litros para ordenar alimentos y bebidas, y el espacio para congelados en el freezer es de 91 litros.  Heladera c&iacute;clica. Eficiencia A. Color blanca. Parrillas de alambr&oacute;n. Estantes regulables en altura en freezer y refrigerador. Anaqueles en contrapuerta para botellas y alimentos regulables en altura. Crisper para frutas y verduras. Luz interior. Huevera. Hielera."
1515,"PAVA ELÉTRICA DAEWOO 1,7 LTS WK5416",76,5499.0,5499.0,0,https://www.hiperlibertad.com.ar/pava-eletrica-daewoo-1-7-lts-wk5416/p,"Jarra eléctrica Daewoo 1,7 lts WK5416 - Características principales:<BR><BR>* Marca: Daewoo.<BR>* Modelo: WK5416.<BR>* Color: Blanco.<BR>* Tipo de producto: Jarra eléctrica.<BR>* Capacidad: 1,7 litros.<BR>* Luz encendido: Sí.<BR>* Apagado automático: Sí.<BR>* Termostato: Sí.<BR>* Base removible: Si.<BR>* Enrollacable: Sí.<BR>* Indicador de nivel de agua: Sí.<BR>* Selector de temperatura: Sí.<BR>* Control de temperatura: No.<BR>* Traba de seguridad: No.<BR>* Origen: China."
4468,Juego Playstation4  UNTIL DAWN,64,1599.0,1599.0,0,https://www.hiperlibertad.com.ar/juego-playstation4-until-dawn/p,Juego Playstation4  UNTIL DAWN
11271,Cable HDMI giratorio One for all  CC3117 3 mt,36,1299.0,1299.0,0,https://www.hiperlibertad.com.ar/cable-hdmi-giratorio-one-for-all-cc3117-3-mt/p,"Giro 180&ordm; de un solo lado
Plug durable


Cable giratorio One for all HDMI CC3117 3 mt negro para tv, sat/cable dvb-t, consolas, soundbar, blu ray, pc, media player. Con un extremo giratorio de 180&ordm;."
2843,Heladera no frost Electrolux 265 lts DFN3000B blanca,98,110699.0,110699.0,0,https://www.hiperlibertad.com.ar/heladera-no-frost-electrolux-265-lts-dfn3000b-blanca/p,"Heladera no frost Electrolux 265 lts DFN3000B blanca - Características principales:* Tamaño perfecto para espacios reducidos.* Combina funcionalidad con tamaño compacto, brindando practicidad y comodidad en tu día a día.* Se ajusta a tus necesidades gracias a su balcón deslizante y removible, y a su cajón de frutas y verduras con apertura diferenciada.* Además, sus estantes removibles de vidrio templado anti derrames, facilitan el proceso de limpieza.* Cuenta con un compartimiento extra frío en la heladera, un espacio dedicado para acelerar el enfriamiento de tus alimentos.* Su freezer cuenta con Ice twister, que permite obtener el hielo de una forma más cómoda."
2727,Planchita de pelo Philips HP8321/00,108,5399.0,5399.0,0,https://www.hiperlibertad.com.ar/planchita-de-pelo-philips-hp8321-00/p,"Planchita de pelo Philips HP8321/00 - Características principales:* Marca: Philips.* Color: Negro.* Tipo de producto: Plancha de pelo.* Control de temperatura: No.* Placas: Placas de cerámica con tourmalinas de 28 x 100 mm.* Ionizador: No.* Origen: China.* Diseño: Posee placas revestidas de cerámica y tourmalina que mejoran el deslizamiento y, al mismo tiempo, emiten iones negativos que combaten el frizz e intensifican el brillo del pelo. También, cuenta con función de bloqueo para evitar ajustes de forma accidental y bloqueo en el mango para un guardado seguro."
1407,Procesadora Liliana procelic 650W AM640,79,14499.0,14499.0,0,https://www.hiperlibertad.com.ar/procesadora-liliana-procelic-650w-am640/p,"Procesadora Liliana procelic 650W AM640 - Características principales:* Capacidad del vaso medidor: 1,5 litros.* Capacidad: 1 litro.* Velocidades: 3.* Potencia: 650 W.* Ralla: Si.* Vaso licuador: Si.* Tritura: Si.* Licua: Si.* Modelo: Procelic AM640.* Origen: Argentina."
272,Microondas Samsung con grill 800W 23 lts MG23F3K3TAK,91,39499.0,39499.0,0,https://www.hiperlibertad.com.ar/microondas-samsung-con-grill-800w-23-lts-mg23f3k3tak/p,"Microondas Samsung con grill 800W 23 lts MG23F3K3TAK - Características principales:* Modelo: MG23F3K3TAK.* Origen: Argentina.* Capacidad: 23 lts.* Potencia: 800 Watts.* Luz interior: Sí.* Panel de control: Digital.* Bloqueo para niños: Si.* Alarma de finalización: Si.* Potencia Grill: 1050 Watts.* Accesorio Grill: Si.* Color: Negro.* Otros: El microondas necesita un toma corriente de 20 amp.* Alto: 27,5 cm.* Ancho: 48,9 cm.* Profundidad: 39,2 cm.* Peso: 13 kg.* Descongelamiento automático: Si.* Cocción automática: Si."
2184,Soporte para TV de doble brazo SPL-780e,36,15119.0,15119.0,0,https://www.hiperlibertad.com.ar/soporte-para-tv-de-doble-brazo-spl-780e/p,"Soporte para TV, LCD, LED, 3D, curvo extensible giratorio y con inclinación, de 26"" a 55"""
20322,ANT INT OFA SV 9015,36,1469.0,1469.0,0,https://www.hiperlibertad.com.ar/ant-int-ofa-sv-9015/p,ANT INT OFA SV 9015
11267,AURICULARes One for all CONFORT,44,799.0,799.0,0,https://www.hiperlibertad.com.ar/auriculares-one-for-all-confort/p,"Estos auriculares de One For All son peque&ntilde;os y resistentes. Gracias a sus almohadillas de gel de silicio, que te aislan del ruido exterior, obtendras un sonido perfecto. Conectalo a tu iPod, MP3, Smartphone o Tablet para escuchar tus canciones con una calidad de audio impecable. Los SV 5134 de One For All cuentan con conector de 3.5 milimetros ba&ntilde;ado en oro que te asegura la mejor conexi&oacute;n, sin interferencias ni ruidos. Adem&aacute;s, te ofrecen 1.2 metros de cable para que guardes tu dispositivo portatil en el bolsillo o en la mochila y puedes seguir escuchando tus canciones. Nadie te da tanto por tan poco. Si los auriculares de tu iPod o Smartphone se han roto o los has perdido, los SV 5134 son la mejor opcion, &iexcl;y ahora a un precio increible! Almohadillas de auricular de gel que proporcionan un c&oacute;modo aislamiento ac&uacute;stico&nbsp;
Informaci&oacute;n Adicional: Auricular de silicio&nbsp; &nbsp;-&nbsp; &nbsp;Compatible con iPod/iPad&nbsp; &nbsp;-&nbsp; &nbsp; Longitud de cable:&nbsp;1.2m&nbsp; -&nbsp; &nbsp; Tipo de cable: plano&nbsp; &nbsp;-&nbsp; &nbsp; Tama&ntilde;o de parlante: 10mm Sensibilidad: 110dB&nbsp; &nbsp; -&nbsp; &nbsp; &nbsp;Respuesta de frecuencia&nbsp;&nbsp; 20-20,000 Hz"
1425,"Soporte de pared para reproductor de DVD, Blu-Ray y consola de juegos SPL-970a",36,3109.0,3109.0,0,https://www.hiperlibertad.com.ar/soporte-de-pared-para-reproductor-de-dvd-blu-ray-y-consola-de-juegos-spl-970a/p,"Soporte de pared para reproductor de DVD, Blu-Ray y consola de juegos SPL-970a"
1424,Soporte para TV SPL-570e,36,3359.0,3359.0,0,https://www.hiperlibertad.com.ar/soporte-para-tv-spl-570e/p,"Soporte para TV, LCD, LED, 3D, curvo extensible giratorio y con inclinación, de 10"" a 32"""
387,Licuadora Liliana licuamix 500W AL519,77,8649.0,8649.0,0,https://www.hiperlibertad.com.ar/licuadora-liliana-licuamix-500w-al519/p,"Licuadora Liliana licuamix 500W AL519 - Características principales:* Molinillo picador.* Vaso licuador con cuchilla dentada de 1,5 lts de capacidad.* Tapa con cierre de seguridad y pico vertedor.* 3 velocidades + pulsador."
314,MICROONDAS BGH CHEF 19 lts B120M16,91,26109.0,26109.0,0,https://www.hiperlibertad.com.ar/microondas-bgh-chef-19-lts-b120m16/p,"Microondas BGH 700W 19 lts B120M16 - Características principales:<BR><BR>* Marca: BGH.<BR>* Modelo: B120M16.<BR>* Color: Blanco.<BR>* Tipo de producto: Microondas.<BR>* Luz en el horno: Sí.<BR>* Válvula de seguridad (en el horno): No.<BR>* Doble vidrio: No.<BR>* Capacidad: 19 Litros.<BR>* Potencia: 700 Watts.<BR>* Niveles de cocción (cantidad): 6.<BR>* Controles: Analógico.<BR>* Termostato: No.<BR>* Traba de seguridad: Sí.<BR>* Descongelamiento: Sí.<BR>* Spiedo: No.<BR>* Alto: 25,6 cm.<BR>* Ancho: 45 cm.<BR>* Profundidad: 31 cm.<BR>* Peso: 10,2 kg.<BR>* Alimentación 220V ~ 50 Hz.<BR>* Origen: Argentina."
3485,Aneroide con estetocopio Aspen AS102,294,4290.0,4290.0,0,https://www.hiperlibertad.com.ar/aneroide-con-estetocopio-aspen-as102/p,Aneroide con estetocopio Aspen AS102 - Características principales:* Óptima sujeción.* Simple y fácil de manejar.* Estetoscopio biaural completo.
3195,Soporte para TV fijo SPL-697i,36,7949.0,7949.0,0,https://www.hiperlibertad.com.ar/soporte-para-tv-fijo-spl-697i/p,"Soporte para TV, LCD, LED, curvo con inclinación de 40"" a 90"""
2725,Soporte para TV fijo NAK 456,36,1889.0,1889.0,0,https://www.hiperlibertad.com.ar/soporte-para-tv-fijo-nak-456/p,"Soporte fijo para TV, LCD, LED, 3D, 17 a 43"""
980,PLANCHA REMINGTON S1305 CERAMICA,108,3899.0,3899.0,0,https://www.hiperlibertad.com.ar/planchita-de-pelo-remington-s1305/p,Planchita de pelo Remington S1305 - Características principales:<BR><BR>* Marca: Remington.<BR>* Modelo: S1305.<BR>* Color: Blanco.<BR>* Tipo de producto: Plancha de pelo.<BR>* Control de temperatura: No.<BR>* Niveles de temperatura: No.<BR>* Tecnología: Tecnología anti-estática.<BR>* Placas con revestimiento de cerámica.<BR>* Tipo de Placas: Placas con revestimiento de cerámica con tecnología anti-estática.<BR>* Ionizador: No.<BR>* Alimentación: Cable.<BR>* Voltaje universal: Sí.<BR>* Apagado automático: No.<BR>* Alto: 5.5 cm.<BR>* Ancho: 34 cm.<BR>* Profundidad: 5.9 cm.<BR>* Peso: 0.49 kg.<BR>* Origen: China.
3727,FILTRO SPAR P/SIN SALIDA 123/155,96,2929.0,2929.0,0,https://www.hiperlibertad.com.ar/filtro-spar-p-sin-salida-123-155/p,FILTRO SPAR P/SIN SALIDA 123/155
20319,ANTENA ONE FOR ALL SV9030/9031,36,2659.0,2659.0,0,https://www.hiperlibertad.com.ar/antena-one-for-all-sv9030-9031-3/p,ANTENA ONE FOR ALL SV9030/9031
